{
    "planets": [
        {
            "name": "planet_a",
            "Radius": 7323.795359501148,
            "Diameter": 14647.590719002295,
            "Circumference": 46016.763395607646,
            "Mass": 1645497442782.5173,
            "Volume": 979462.7635610222,
            "Surface": 92033.52679121529
        },
        {
            "name": "planet_b",
            "Radius": 7323.795359501148,
            "Diameter": 14647.590719002295,
            "Circumference": 46016.763395607646,
            "Mass": 1645497442782.5173,
            "Volume": 979462.7635610222,
            "Surface": 92033.52679121529
        }
    ]
}